Student Name,Student ID,Email,Attendance,Average Grade,Behavioral Score,Risk Score,Age,Gender,Scholarship,Debt,Tuition Up To Date,Courses Enrolled,Courses Passed
Student STU0001,STU0001,stu0001@example.com,78.1,80.5,8,15,25,Male,No,Yes,Yes,5,5
Student STU0002,STU0002,stu0002@example.com,78.5,79.2,8,15,25,Female,No,No,Yes,6,6
Student STU0003,STU0003,stu0003@example.com,94.0,82.3,8,15,18,Male,Yes,No,Yes,4,4
Student STU0004,STU0004,stu0004@example.com,0.0,41.1,8,95,24,Male,Yes,No,No,3,1
Student STU0005,STU0005,stu0005@example.com,59.8,83.6,8,15,24,Male,No,No,Yes,5,4
Student STU0006,STU0006,stu0006@example.com,82.7,77.4,8,15,24,Female,No,No,Yes,7,7
Student STU0007,STU0007,stu0007@example.com,31.0,25.2,8,95,25,Female,No,No,Yes,6,3
Student STU0008,STU0008,stu0008@example.com,82.3,78.8,8,15,18,Female,No,Yes,Yes,6,5
Student STU0009,STU0009,stu0009@example.com,73.1,91.0,8,15,24,Male,Yes,No,Yes,6,6
Student STU0010,STU0010,stu0010@example.com,73.9,63.6,8,15,18,Female,No,No,Yes,4,4
Student STU0011,STU0011,stu0011@example.com,10.4,20.6,8,95,21,Male,No,No,No,3,0
Student STU0012,STU0012,stu0012@example.com,70.6,73.3,8,15,22,Female,Yes,No,Yes,6,6
Student STU0013,STU0013,stu0013@example.com,82.4,68.8,8,15,18,Male,Yes,No,Yes,7,6
Student STU0014,STU0014,stu0014@example.com,80.9,76.1,8,15,24,Male,Yes,No,Yes,5,5
Student STU0015,STU0015,stu0015@example.com,61.0,91.6,8,15,25,Female,Yes,No,No,4,3
Student STU0016,STU0016,stu0016@example.com,76.9,91.1,8,15,23,Female,Yes,No,Yes,7,6
Student STU0017,STU0017,stu0017@example.com,25.1,34.7,8,95,23,Female,No,Yes,No,5,0
Student STU0018,STU0018,stu0018@example.com,68.3,76.9,8,15,20,Male,No,No,Yes,6,6
Student STU0019,STU0019,stu0019@example.com,85.4,84.3,8,15,23,Male,Yes,No,Yes,4,4
Student STU0020,STU0020,stu0020@example.com,60.5,68.0,8,15,18,Female,No,No,Yes,5,5
Student STU0021,STU0021,stu0021@example.com,59.8,69.7,8,15,24,Female,Yes,No,Yes,6,5
Student STU0022,STU0022,stu0022@example.com,71.8,91.8,8,15,22,Male,No,No,Yes,5,4
Student STU0023,STU0023,stu0023@example.com,79.2,90.6,8,15,20,Male,No,No,Yes,6,6
Student STU0024,STU0024,stu0024@example.com,78.7,93.6,8,15,24,Female,No,No,Yes,5,5
Student STU0025,STU0025,stu0025@example.com,68.9,67.6,8,15,20,Male,No,No,Yes,6,6
Student STU0026,STU0026,stu0026@example.com,69.9,73.1,8,15,19,Female,No,No,Yes,5,5
Student STU0027,STU0027,stu0027@example.com,70.4,94.6,8,15,25,Female,No,No,Yes,7,7
Student STU0028,STU0028,stu0028@example.com,62.0,66.0,8,15,19,Female,Yes,Yes,Yes,4,4
Student STU0029,STU0029,stu0029@example.com,33.6,24.2,8,95,20,Male,No,Yes,No,5,3
Student STU0030,STU0030,stu0030@example.com,83.8,66.1,8,15,19,Female,Yes,No,Yes,4,4
Student STU0031,STU0031,stu0031@example.com,73.9,87.5,8,15,21,Male,No,No,Yes,4,4
Student STU0032,STU0032,stu0032@example.com,0.7,2.1,8,95,19,Female,No,No,Yes,5,2
Student STU0033,STU0033,stu0033@example.com,70.2,94.7,8,15,20,Female,No,No,Yes,4,3
Student STU0034,STU0034,stu0034@example.com,77.0,87.7,8,15,19,Male,Yes,No,Yes,4,4
Student STU0035,STU0035,stu0035@example.com,83.3,69.0,8,15,18,Female,No,Yes,No,6,5
Student STU0036,STU0036,stu0036@example.com,83.4,92.2,8,15,22,Male,No,No,Yes,7,7
Student STU0037,STU0037,stu0037@example.com,62.2,66.3,8,15,24,Male,No,No,No,4,3
Student STU0038,STU0038,stu0038@example.com,46.4,20.9,8,95,25,Female,No,No,No,6,4
Student STU0039,STU0039,stu0039@example.com,73.2,75.2,8,15,18,Female,No,Yes,Yes,5,5
Student STU0040,STU0040,stu0040@example.com,78.2,86.9,8,15,22,Female,Yes,Yes,Yes,6,5
Student STU0041,STU0041,stu0041@example.com,62.9,85.5,8,15,21,Male,No,No,Yes,7,6
Student STU0042,STU0042,stu0042@example.com,80.6,69.7,8,15,25,Male,No,No,Yes,5,4
Student STU0043,STU0043,stu0043@example.com,33.0,4.0,8,95,21,Male,No,No,Yes,3,1
Student STU0044,STU0044,stu0044@example.com,76.3,79.8,8,15,25,Female,No,No,Yes,4,4
Student STU0045,STU0045,stu0045@example.com,73.6,84.4,8,15,20,Female,No,No,Yes,7,6
Student STU0046,STU0046,stu0046@example.com,86.1,81.6,8,15,25,Female,No,Yes,No,7,6
Student STU0047,STU0047,stu0047@example.com,76.6,81.1,8,15,24,Male,No,Yes,Yes,5,5
Student STU0048,STU0048,stu0048@example.com,89.4,98.4,8,15,21,Female,Yes,No,Yes,4,3
Student STU0049,STU0049,stu0049@example.com,82.8,83.8,8,15,25,Female,No,No,Yes,4,3
Student STU0050,STU0050,stu0050@example.com,98.6,79.3,8,15,25,Male,Yes,No,Yes,6,5
Student STU0051,STU0051,stu0051@example.com,56.2,83.1,8,15,21,Female,No,No,Yes,4,3
Student STU0052,STU0052,stu0052@example.com,84.7,87.8,8,15,23,Male,Yes,No,Yes,7,6
Student STU0053,STU0053,stu0053@example.com,70.9,76.3,8,15,23,Female,No,Yes,Yes,7,7
Student STU0054,STU0054,stu0054@example.com,58.2,71.9,8,15,25,Male,Yes,No,Yes,7,6
Student STU0055,STU0055,stu0055@example.com,78.1,78.8,8,15,25,Female,Yes,No,Yes,5,4
Student STU0056,STU0056,stu0056@example.com,81.0,75.6,8,15,18,Male,Yes,No,Yes,7,7
Student STU0057,STU0057,stu0057@example.com,57.3,76.6,8,15,24,Female,No,No,Yes,7,7
Student STU0058,STU0058,stu0058@example.com,0.0,0.0,8,95,25,Male,Yes,Yes,No,3,2
Student STU0059,STU0059,stu0059@example.com,74.0,67.9,8,15,21,Female,No,No,Yes,7,7
Student STU0060,STU0060,stu0060@example.com,95.7,73.1,8,15,22,Female,No,No,Yes,7,6
Student STU0061,STU0061,stu0061@example.com,85.4,81.1,8,15,19,Male,No,No,Yes,7,7
Student STU0062,STU0062,stu0062@example.com,64.7,87.5,8,15,18,Male,No,Yes,Yes,5,4
Student STU0063,STU0063,stu0063@example.com,71.7,67.8,8,15,25,Male,No,No,Yes,7,6
Student STU0064,STU0064,stu0064@example.com,84.0,99.3,8,15,20,Female,No,No,Yes,4,4
Student STU0065,STU0065,stu0065@example.com,66.1,70.5,8,15,24,Female,No,No,Yes,5,5
Student STU0066,STU0066,stu0066@example.com,78.2,71.4,8,15,24,Female,Yes,No,Yes,4,3
Student STU0067,STU0067,stu0067@example.com,77.4,66.1,8,15,19,Female,No,Yes,Yes,7,7
Student STU0068,STU0068,stu0068@example.com,56.7,74.7,8,15,24,Female,No,No,Yes,5,5
Student STU0069,STU0069,stu0069@example.com,86.7,66.5,8,15,18,Female,Yes,No,Yes,7,7
Student STU0070,STU0070,stu0070@example.com,80.5,79.1,8,15,22,Male,No,No,Yes,4,4
Student STU0071,STU0071,stu0071@example.com,60.8,71.5,8,15,22,Female,Yes,No,Yes,6,6
Student STU0072,STU0072,stu0072@example.com,72.3,75.2,8,15,21,Female,No,No,Yes,7,6
Student STU0073,STU0073,stu0073@example.com,84.5,73.7,8,15,22,Male,Yes,No,No,6,5
Student STU0074,STU0074,stu0074@example.com,69.1,75.3,8,15,20,Female,No,No,Yes,4,4
Student STU0075,STU0075,stu0075@example.com,74.7,66.1,8,15,18,Female,No,No,Yes,7,6
Student STU0076,STU0076,stu0076@example.com,33.8,28.3,8,95,24,Female,Yes,Yes,Yes,4,3
Student STU0077,STU0077,stu0077@example.com,31.9,39.4,8,95,18,Female,No,Yes,No,5,4
Student STU0078,STU0078,stu0078@example.com,96.6,85.6,8,15,21,Female,No,No,Yes,5,4
Student STU0079,STU0079,stu0079@example.com,45.6,40.8,8,95,23,Female,No,No,No,4,3
Student STU0080,STU0080,stu0080@example.com,85.2,86.5,8,15,18,Female,Yes,No,Yes,4,4
Student STU0081,STU0081,stu0081@example.com,32.9,7.3,8,95,23,Female,No,No,Yes,5,0
Student STU0082,STU0082,stu0082@example.com,91.0,66.8,8,15,24,Female,Yes,Yes,No,6,6
Student STU0083,STU0083,stu0083@example.com,78.2,81.4,8,15,20,Male,No,Yes,Yes,4,4
Student STU0084,STU0084,stu0084@example.com,83.5,94.7,8,15,21,Female,Yes,No,No,4,4
Student STU0085,STU0085,stu0085@example.com,93.5,75.3,8,15,21,Male,Yes,No,Yes,4,3
Student STU0086,STU0086,stu0086@example.com,24.1,9.1,8,95,25,Male,Yes,Yes,No,5,1
Student STU0087,STU0087,stu0087@example.com,71.3,96.3,8,15,25,Male,Yes,No,Yes,7,7
Student STU0088,STU0088,stu0088@example.com,96.9,73.2,8,15,20,Female,No,No,Yes,4,3
Student STU0089,STU0089,stu0089@example.com,89.2,71.4,8,15,20,Male,No,Yes,No,6,5
Student STU0090,STU0090,stu0090@example.com,42.4,18.9,8,95,22,Male,No,No,Yes,5,2
Student STU0091,STU0091,stu0091@example.com,36.1,35.6,8,95,25,Male,Yes,Yes,Yes,4,2
Student STU0092,STU0092,stu0092@example.com,87.8,93.8,8,15,19,Female,Yes,No,Yes,7,6
Student STU0093,STU0093,stu0093@example.com,37.3,36.9,8,95,20,Male,Yes,No,Yes,5,4
Student STU0094,STU0094,stu0094@example.com,98.7,70.9,8,15,19,Male,No,No,Yes,4,3
Student STU0095,STU0095,stu0095@example.com,86.2,96.9,8,15,25,Male,Yes,No,Yes,7,7
Student STU0096,STU0096,stu0096@example.com,94.6,76.6,8,15,22,Male,No,Yes,Yes,4,4
Student STU0097,STU0097,stu0097@example.com,61.8,96.0,8,15,25,Male,Yes,No,Yes,6,5
Student STU0098,STU0098,stu0098@example.com,92.9,88.9,8,15,24,Female,No,No,Yes,6,5
Student STU0099,STU0099,stu0099@example.com,77.1,94.2,8,15,22,Female,No,No,Yes,4,4
Student STU0100,STU0100,stu0100@example.com,63.8,88.1,8,15,23,Male,Yes,No,Yes,6,6
Student STU0101,STU0101,stu0101@example.com,6.2,4.8,8,95,24,Female,Yes,No,No,6,1
Student STU0102,STU0102,stu0102@example.com,89.5,80.4,8,15,23,Female,No,No,Yes,7,6
Student STU0103,STU0103,stu0103@example.com,87.7,83.5,8,15,18,Male,Yes,No,Yes,5,5
Student STU0104,STU0104,stu0104@example.com,81.1,81.2,8,15,20,Male,Yes,No,Yes,4,3
Student STU0105,STU0105,stu0105@example.com,89.2,89.0,8,15,21,Male,Yes,Yes,Yes,4,4
Student STU0106,STU0106,stu0106@example.com,86.8,75.2,8,15,23,Female,Yes,No,Yes,5,5
Student STU0107,STU0107,stu0107@example.com,27.6,15.5,8,95,21,Female,No,Yes,Yes,4,2
Student STU0108,STU0108,stu0108@example.com,79.6,69.9,8,15,23,Male,No,Yes,Yes,4,3
Student STU0109,STU0109,stu0109@example.com,79.2,78.2,8,15,25,Female,Yes,No,Yes,7,7
Student STU0110,STU0110,stu0110@example.com,88.2,72.6,8,15,21,Male,No,No,No,6,6
Student STU0111,STU0111,stu0111@example.com,82.7,96.3,8,15,20,Male,No,Yes,Yes,7,6
Student STU0112,STU0112,stu0112@example.com,41.8,42.9,8,95,25,Male,Yes,Yes,No,3,0
Student STU0113,STU0113,stu0113@example.com,92.4,98.7,8,15,25,Male,No,No,Yes,7,6
Student STU0114,STU0114,stu0114@example.com,55.5,94.2,8,15,20,Male,No,No,Yes,6,5
Student STU0115,STU0115,stu0115@example.com,17.7,41.7,8,95,25,Male,No,No,No,4,3
Student STU0116,STU0116,stu0116@example.com,98.7,97.9,8,15,22,Female,Yes,No,Yes,5,4
Student STU0117,STU0117,stu0117@example.com,23.5,19.1,8,95,21,Female,No,Yes,Yes,5,0
Student STU0118,STU0118,stu0118@example.com,72.9,87.4,8,15,18,Female,No,No,Yes,5,5
Student STU0119,STU0119,stu0119@example.com,72.4,69.5,8,15,23,Male,No,No,Yes,7,7
Student STU0120,STU0120,stu0120@example.com,72.8,88.3,8,15,24,Female,Yes,No,Yes,7,6
Student STU0121,STU0121,stu0121@example.com,82.6,79.7,8,15,25,Female,Yes,Yes,Yes,6,6
Student STU0122,STU0122,stu0122@example.com,77.8,63.8,8,15,21,Male,No,No,Yes,5,4
Student STU0123,STU0123,stu0123@example.com,93.5,79.1,8,15,20,Male,Yes,No,Yes,4,4
Student STU0124,STU0124,stu0124@example.com,68.7,84.7,8,15,19,Male,Yes,No,Yes,4,4
Student STU0125,STU0125,stu0125@example.com,81.1,77.1,8,15,22,Female,No,No,Yes,4,4
Student STU0126,STU0126,stu0126@example.com,72.2,73.6,8,15,21,Female,Yes,Yes,No,7,7
Student STU0127,STU0127,stu0127@example.com,76.8,82.5,8,15,19,Female,No,No,Yes,6,5
Student STU0128,STU0128,stu0128@example.com,70.5,79.2,8,15,19,Female,No,No,Yes,4,4
Student STU0129,STU0129,stu0129@example.com,69.0,94.1,8,15,20,Male,No,Yes,Yes,7,6
Student STU0130,STU0130,stu0130@example.com,98.0,89.6,8,15,21,Female,No,No,Yes,5,4
Student STU0131,STU0131,stu0131@example.com,36.7,25.2,8,95,25,Female,No,Yes,Yes,4,1
Student STU0132,STU0132,stu0132@example.com,85.9,87.1,8,15,19,Female,No,No,Yes,5,4
Student STU0133,STU0133,stu0133@example.com,92.6,84.2,8,15,19,Male,Yes,Yes,Yes,7,6
Student STU0134,STU0134,stu0134@example.com,97.7,88.4,8,15,23,Male,Yes,No,Yes,7,7
Student STU0135,STU0135,stu0135@example.com,83.4,94.2,8,15,22,Female,No,No,Yes,6,6
Student STU0136,STU0136,stu0136@example.com,90.8,73.4,8,15,24,Male,No,Yes,Yes,5,4
Student STU0137,STU0137,stu0137@example.com,58.6,81.6,8,15,21,Female,No,No,Yes,4,4
Student STU0138,STU0138,stu0138@example.com,50.6,6.8,8,95,18,Male,No,Yes,No,6,4
Student STU0139,STU0139,stu0139@example.com,14.0,9.0,8,95,24,Male,No,Yes,Yes,3,0
Student STU0140,STU0140,stu0140@example.com,20.4,9.4,8,95,18,Male,No,Yes,No,6,0
Student STU0141,STU0141,stu0141@example.com,86.9,70.5,8,15,24,Female,No,Yes,Yes,7,7
Student STU0142,STU0142,stu0142@example.com,33.3,11.1,8,95,23,Male,No,Yes,Yes,5,2
Student STU0143,STU0143,stu0143@example.com,85.1,61.6,8,15,19,Male,No,No,Yes,5,5
Student STU0144,STU0144,stu0144@example.com,19.1,5.3,8,95,22,Male,No,Yes,Yes,5,1
Student STU0145,STU0145,stu0145@example.com,66.7,88.8,8,15,18,Male,No,No,Yes,5,4
Student STU0146,STU0146,stu0146@example.com,91.4,90.6,8,15,21,Female,No,Yes,Yes,7,7
Student STU0147,STU0147,stu0147@example.com,33.9,7.3,8,95,23,Male,Yes,No,Yes,6,4
Student STU0148,STU0148,stu0148@example.com,94.1,95.6,8,15,25,Male,Yes,No,Yes,5,4
Student STU0149,STU0149,stu0149@example.com,98.2,72.5,8,15,25,Female,No,No,Yes,4,3
Student STU0150,STU0150,stu0150@example.com,36.3,7.9,8,95,25,Male,No,Yes,Yes,5,0
Student STU0151,STU0151,stu0151@example.com,93.3,78.2,8,15,21,Female,Yes,Yes,Yes,5,5
Student STU0152,STU0152,stu0152@example.com,56.5,86.2,8,15,19,Male,No,No,Yes,5,5
Student STU0153,STU0153,stu0153@example.com,20.5,24.7,8,95,20,Male,No,Yes,No,6,2
Student STU0154,STU0154,stu0154@example.com,88.9,67.0,8,15,25,Female,Yes,No,Yes,5,4
Student STU0155,STU0155,stu0155@example.com,39.4,11.9,8,95,19,Female,No,No,No,6,2
Student STU0156,STU0156,stu0156@example.com,49.6,0.0,8,95,23,Female,No,Yes,No,6,4
Student STU0157,STU0157,stu0157@example.com,0.0,8.8,8,95,18,Male,No,No,No,4,3
Student STU0158,STU0158,stu0158@example.com,8.9,38.4,8,95,19,Female,No,Yes,Yes,3,1
Student STU0159,STU0159,stu0159@example.com,20.3,41.9,8,95,20,Female,Yes,Yes,Yes,5,3
Student STU0160,STU0160,stu0160@example.com,93.8,84.0,8,15,23,Male,No,No,Yes,5,5
Student STU0161,STU0161,stu0161@example.com,84.1,65.5,8,15,25,Male,No,No,Yes,7,7
Student STU0162,STU0162,stu0162@example.com,56.1,91.4,8,15,19,Male,No,No,Yes,7,6
Student STU0163,STU0163,stu0163@example.com,59.1,66.1,8,15,22,Male,Yes,Yes,Yes,6,6
Student STU0164,STU0164,stu0164@example.com,97.8,66.8,8,15,23,Female,No,Yes,Yes,7,6
Student STU0165,STU0165,stu0165@example.com,87.2,66.5,8,15,21,Male,No,No,Yes,5,5
Student STU0166,STU0166,stu0166@example.com,0.0,3.2,8,95,20,Male,No,No,No,3,0
Student STU0167,STU0167,stu0167@example.com,77.2,81.6,8,15,20,Female,No,No,Yes,4,4
Student STU0168,STU0168,stu0168@example.com,84.3,80.5,8,15,23,Male,No,No,Yes,5,4
Student STU0169,STU0169,stu0169@example.com,69.0,78.2,8,15,25,Female,Yes,Yes,Yes,7,6
Student STU0170,STU0170,stu0170@example.com,68.7,75.5,8,15,25,Female,No,No,Yes,6,6
Student STU0171,STU0171,stu0171@example.com,73.7,83.0,8,15,21,Male,No,No,Yes,5,5
Student STU0172,STU0172,stu0172@example.com,30.6,17.3,8,95,24,Female,Yes,No,No,4,1
Student STU0173,STU0173,stu0173@example.com,67.3,89.1,8,15,20,Female,Yes,Yes,Yes,7,7
Student STU0174,STU0174,stu0174@example.com,92.9,92.4,8,15,20,Female,Yes,No,Yes,6,5
Student STU0175,STU0175,stu0175@example.com,91.5,88.0,8,15,23,Male,Yes,No,No,7,7
Student STU0176,STU0176,stu0176@example.com,58.3,69.5,8,15,18,Female,No,No,Yes,5,5
Student STU0177,STU0177,stu0177@example.com,79.1,85.1,8,15,22,Male,No,No,Yes,4,4
Student STU0178,STU0178,stu0178@example.com,22.7,33.3,8,95,25,Male,No,No,Yes,3,0
Student STU0179,STU0179,stu0179@example.com,13.8,4.7,8,95,21,Male,No,Yes,Yes,5,4
Student STU0180,STU0180,stu0180@example.com,88.7,80.0,8,15,20,Male,Yes,No,Yes,7,6
Student STU0181,STU0181,stu0181@example.com,78.2,84.5,8,15,19,Female,Yes,No,No,4,3
Student STU0182,STU0182,stu0182@example.com,95.1,77.0,8,15,18,Male,Yes,No,Yes,5,4
Student STU0183,STU0183,stu0183@example.com,93.9,72.7,8,15,25,Male,Yes,No,Yes,6,5
Student STU0184,STU0184,stu0184@example.com,98.7,84.4,8,15,19,Female,No,No,Yes,7,6
Student STU0185,STU0185,stu0185@example.com,12.4,25.2,8,95,20,Female,Yes,Yes,No,6,4
Student STU0186,STU0186,stu0186@example.com,72.5,68.6,8,15,20,Male,No,No,Yes,6,6
Student STU0187,STU0187,stu0187@example.com,8.7,5.8,8,95,23,Male,No,No,Yes,3,2
Student STU0188,STU0188,stu0188@example.com,84.5,88.9,8,15,21,Male,Yes,No,Yes,6,6
Student STU0189,STU0189,stu0189@example.com,84.0,79.8,8,15,25,Female,Yes,No,Yes,5,5
Student STU0190,STU0190,stu0190@example.com,65.9,75.3,8,15,18,Male,Yes,No,Yes,4,4
Student STU0191,STU0191,stu0191@example.com,68.7,87.7,8,15,24,Male,Yes,No,Yes,6,5
Student STU0192,STU0192,stu0192@example.com,10.4,21.5,8,95,25,Male,No,Yes,Yes,6,0
Student STU0193,STU0193,stu0193@example.com,69.2,85.5,8,15,20,Male,No,No,Yes,5,4
Student STU0194,STU0194,stu0194@example.com,72.0,69.7,8,15,25,Male,Yes,No,Yes,5,4
Student STU0195,STU0195,stu0195@example.com,58.7,93.5,8,15,19,Male,Yes,No,Yes,6,5
Student STU0196,STU0196,stu0196@example.com,37.9,32.7,8,95,25,Female,No,No,Yes,6,1
Student STU0197,STU0197,stu0197@example.com,18.9,0.2,8,95,24,Male,No,Yes,No,3,2
Student STU0198,STU0198,stu0198@example.com,78.4,93.1,8,15,23,Male,No,No,Yes,6,5
Student STU0199,STU0199,stu0199@example.com,16.9,26.8,8,95,23,Male,No,No,Yes,3,1
Student STU0200,STU0200,stu0200@example.com,77.5,77.0,8,15,24,Male,Yes,No,Yes,6,6
Student STU0201,STU0201,stu0201@example.com,97.1,65.2,8,15,20,Male,No,Yes,Yes,6,6
Student STU0202,STU0202,stu0202@example.com,99.6,79.5,8,15,24,Female,No,No,No,5,4
Student STU0203,STU0203,stu0203@example.com,91.1,93.7,8,15,19,Male,No,No,Yes,6,6
Student STU0204,STU0204,stu0204@example.com,78.2,85.6,8,15,24,Female,No,No,Yes,7,7
Student STU0205,STU0205,stu0205@example.com,76.5,88.5,8,15,23,Female,No,No,Yes,5,4
Student STU0206,STU0206,stu0206@example.com,96.8,84.1,8,15,18,Female,No,No,Yes,6,6
Student STU0207,STU0207,stu0207@example.com,73.5,88.3,8,15,24,Male,Yes,No,Yes,5,5
Student STU0208,STU0208,stu0208@example.com,6.0,4.0,8,95,24,Female,No,Yes,Yes,6,5
Student STU0209,STU0209,stu0209@example.com,87.7,77.4,8,15,24,Female,No,No,Yes,6,5
Student STU0210,STU0210,stu0210@example.com,96.2,69.2,8,15,24,Female,Yes,No,Yes,4,4
Student STU0211,STU0211,stu0211@example.com,79.4,98.7,8,15,24,Male,No,No,Yes,7,7
Student STU0212,STU0212,stu0212@example.com,41.1,27.9,8,95,21,Male,No,Yes,No,6,5
Student STU0213,STU0213,stu0213@example.com,6.1,35.1,8,95,18,Male,Yes,Yes,Yes,3,2
Student STU0214,STU0214,stu0214@example.com,76.3,82.4,8,15,21,Male,Yes,No,Yes,5,4
Student STU0215,STU0215,stu0215@example.com,85.2,77.2,8,15,18,Male,No,No,Yes,4,4
Student STU0216,STU0216,stu0216@example.com,92.4,67.7,8,15,21,Female,No,No,Yes,5,5
Student STU0217,STU0217,stu0217@example.com,66.6,69.0,8,15,19,Female,Yes,Yes,Yes,5,4
Student STU0218,STU0218,stu0218@example.com,90.4,77.1,8,15,20,Male,Yes,No,Yes,5,4
Student STU0219,STU0219,stu0219@example.com,31.1,43.1,8,95,19,Female,Yes,Yes,Yes,4,3
Student STU0220,STU0220,stu0220@example.com,65.2,78.5,8,15,19,Female,Yes,No,Yes,4,4
Student STU0221,STU0221,stu0221@example.com,67.8,81.2,8,15,24,Female,Yes,No,Yes,4,3
Student STU0222,STU0222,stu0222@example.com,54.2,72.8,8,15,22,Male,No,No,Yes,5,5
Student STU0223,STU0223,stu0223@example.com,9.9,18.3,8,95,25,Female,No,Yes,Yes,4,2
Student STU0224,STU0224,stu0224@example.com,81.3,100.0,8,15,20,Female,No,No,Yes,5,4
Student STU0225,STU0225,stu0225@example.com,36.9,6.8,8,95,18,Male,No,No,No,5,1
Student STU0226,STU0226,stu0226@example.com,39.0,38.1,8,95,18,Male,Yes,Yes,No,3,2
Student STU0227,STU0227,stu0227@example.com,87.7,74.6,8,15,25,Male,Yes,No,Yes,4,3
Student STU0228,STU0228,stu0228@example.com,95.2,71.5,8,15,19,Female,No,No,Yes,5,5
Student STU0229,STU0229,stu0229@example.com,77.1,76.8,8,15,22,Female,Yes,No,Yes,4,4
Student STU0230,STU0230,stu0230@example.com,29.9,42.6,8,95,20,Male,No,Yes,No,4,1
Student STU0231,STU0231,stu0231@example.com,21.6,36.3,8,95,22,Male,No,Yes,No,6,3
Student STU0232,STU0232,stu0232@example.com,95.1,74.9,8,15,21,Female,No,Yes,Yes,6,5
Student STU0233,STU0233,stu0233@example.com,24.9,42.9,8,95,25,Male,No,No,Yes,4,0
Student STU0234,STU0234,stu0234@example.com,90.3,80.4,8,15,18,Male,No,No,Yes,6,5
Student STU0235,STU0235,stu0235@example.com,92.6,82.4,8,15,25,Female,Yes,No,Yes,7,7
Student STU0236,STU0236,stu0236@example.com,98.1,95.6,8,15,21,Female,Yes,No,Yes,6,5
Student STU0237,STU0237,stu0237@example.com,6.2,12.3,8,95,23,Female,Yes,Yes,No,6,3
Student STU0238,STU0238,stu0238@example.com,99.1,93.0,8,15,21,Female,No,No,Yes,7,7
Student STU0239,STU0239,stu0239@example.com,89.0,79.4,8,15,19,Female,No,No,Yes,4,4
Student STU0240,STU0240,stu0240@example.com,95.2,91.3,8,15,20,Male,No,No,Yes,7,6
Student STU0241,STU0241,stu0241@example.com,71.0,69.6,8,15,21,Male,Yes,No,Yes,6,5
Student STU0242,STU0242,stu0242@example.com,78.6,90.7,8,15,23,Female,No,Yes,No,7,6
Student STU0243,STU0243,stu0243@example.com,85.5,72.8,8,15,20,Male,Yes,No,Yes,7,6
Student STU0244,STU0244,stu0244@example.com,75.8,86.7,8,15,21,Male,No,No,Yes,5,5
Student STU0245,STU0245,stu0245@example.com,97.3,76.9,8,15,25,Male,No,Yes,Yes,7,7
Student STU0246,STU0246,stu0246@example.com,95.3,79.4,8,15,25,Female,Yes,No,Yes,4,4
Student STU0247,STU0247,stu0247@example.com,65.8,81.4,8,15,22,Male,No,No,Yes,7,6
Student STU0248,STU0248,stu0248@example.com,91.0,73.6,8,15,18,Female,Yes,No,Yes,5,5
Student STU0249,STU0249,stu0249@example.com,97.0,88.0,8,15,18,Male,No,No,Yes,4,3
Student STU0250,STU0250,stu0250@example.com,49.7,24.5,8,95,22,Male,Yes,No,Yes,3,1
Student STU0251,STU0251,stu0251@example.com,69.8,72.7,8,15,18,Female,Yes,No,Yes,4,4
Student STU0252,STU0252,stu0252@example.com,76.6,91.9,8,15,18,Male,No,Yes,Yes,5,5
Student STU0253,STU0253,stu0253@example.com,88.2,76.2,8,15,24,Male,No,No,Yes,4,4
Student STU0254,STU0254,stu0254@example.com,48.5,25.6,8,95,19,Male,No,Yes,Yes,4,1
Student STU0255,STU0255,stu0255@example.com,94.9,91.4,8,15,22,Female,No,No,Yes,6,5
Student STU0256,STU0256,stu0256@example.com,95.7,78.5,8,15,24,Female,Yes,No,Yes,7,7
Student STU0257,STU0257,stu0257@example.com,64.7,84.5,8,15,20,Female,No,No,Yes,4,3
Student STU0258,STU0258,stu0258@example.com,93.6,88.3,8,15,20,Female,Yes,No,Yes,7,7
Student STU0259,STU0259,stu0259@example.com,87.4,99.1,8,15,23,Male,Yes,No,Yes,7,6
Student STU0260,STU0260,stu0260@example.com,100.0,64.0,8,15,25,Female,No,No,Yes,7,6
Student STU0261,STU0261,stu0261@example.com,6.0,18.2,8,95,18,Male,No,No,Yes,6,4
Student STU0262,STU0262,stu0262@example.com,100.0,76.9,8,15,20,Female,No,No,Yes,7,6
Student STU0263,STU0263,stu0263@example.com,55.4,82.2,8,15,19,Male,Yes,No,No,7,7
Student STU0264,STU0264,stu0264@example.com,30.3,8.4,8,95,18,Female,No,Yes,No,3,0
Student STU0265,STU0265,stu0265@example.com,46.6,13.0,8,95,22,Male,No,Yes,No,3,0
Student STU0266,STU0266,stu0266@example.com,30.9,30.4,8,95,20,Female,Yes,Yes,No,6,2
Student STU0267,STU0267,stu0267@example.com,70.3,65.8,8,15,22,Female,Yes,No,Yes,4,3
Student STU0268,STU0268,stu0268@example.com,67.8,77.1,8,15,22,Female,No,Yes,Yes,4,4
Student STU0269,STU0269,stu0269@example.com,83.8,81.1,8,15,20,Female,Yes,No,Yes,6,5
Student STU0270,STU0270,stu0270@example.com,20.0,9.4,8,95,22,Female,No,No,Yes,3,2
Student STU0271,STU0271,stu0271@example.com,83.0,83.6,8,15,19,Male,No,No,Yes,7,6
Student STU0272,STU0272,stu0272@example.com,9.6,25.9,8,95,18,Male,No,Yes,No,3,0
Student STU0273,STU0273,stu0273@example.com,64.3,71.2,8,15,20,Male,No,No,Yes,5,4
Student STU0274,STU0274,stu0274@example.com,64.3,84.4,8,15,25,Female,Yes,No,Yes,5,5
Student STU0275,STU0275,stu0275@example.com,75.5,97.6,8,15,19,Female,Yes,Yes,Yes,7,7
Student STU0276,STU0276,stu0276@example.com,96.4,87.1,8,15,21,Female,No,No,Yes,6,6
Student STU0277,STU0277,stu0277@example.com,75.7,71.6,8,15,23,Female,No,No,Yes,4,4
Student STU0278,STU0278,stu0278@example.com,22.3,37.6,8,95,23,Male,Yes,Yes,Yes,5,2
Student STU0279,STU0279,stu0279@example.com,45.6,39.3,8,95,20,Female,Yes,No,No,3,1
Student STU0280,STU0280,stu0280@example.com,10.9,6.9,8,95,21,Female,Yes,Yes,No,6,2
Student STU0281,STU0281,stu0281@example.com,62.0,93.0,8,15,18,Male,No,Yes,Yes,4,4
Student STU0282,STU0282,stu0282@example.com,66.4,90.1,8,15,24,Male,No,No,Yes,7,7
Student STU0283,STU0283,stu0283@example.com,33.9,36.2,8,95,20,Female,No,Yes,No,5,4
Student STU0284,STU0284,stu0284@example.com,85.7,93.4,8,15,18,Female,Yes,No,Yes,4,3
Student STU0285,STU0285,stu0285@example.com,88.2,84.8,8,15,18,Male,No,No,Yes,6,5
Student STU0286,STU0286,stu0286@example.com,5.7,0.0,8,95,21,Female,Yes,Yes,Yes,4,1
Student STU0287,STU0287,stu0287@example.com,72.6,87.5,8,15,18,Female,No,No,Yes,6,5
Student STU0288,STU0288,stu0288@example.com,79.7,85.9,8,15,19,Female,No,No,Yes,7,6
Student STU0289,STU0289,stu0289@example.com,96.1,73.6,8,15,19,Male,No,No,Yes,7,6
Student STU0290,STU0290,stu0290@example.com,6.5,8.1,8,95,20,Male,No,Yes,No,6,0
Student STU0291,STU0291,stu0291@example.com,71.1,74.7,8,15,24,Male,No,No,Yes,5,5
Student STU0292,STU0292,stu0292@example.com,63.6,78.4,8,15,18,Female,No,No,Yes,6,6
Student STU0293,STU0293,stu0293@example.com,63.2,84.8,8,15,23,Male,Yes,No,Yes,5,5
Student STU0294,STU0294,stu0294@example.com,67.3,62.6,8,15,21,Male,Yes,No,Yes,4,4
Student STU0295,STU0295,stu0295@example.com,99.0,79.0,8,15,19,Male,No,No,No,6,6
Student STU0296,STU0296,stu0296@example.com,80.2,70.8,8,15,22,Male,Yes,No,Yes,5,5
Student STU0297,STU0297,stu0297@example.com,96.9,76.7,8,15,24,Male,Yes,No,Yes,6,5
Student STU0298,STU0298,stu0298@example.com,5.2,31.5,8,95,22,Male,No,Yes,No,4,2
Student STU0299,STU0299,stu0299@example.com,47.4,33.2,8,95,19,Male,No,Yes,Yes,5,3
Student STU0300,STU0300,stu0300@example.com,76.1,84.6,8,15,18,Female,No,No,Yes,6,5
Student STU0301,STU0301,stu0301@example.com,95.8,84.4,8,15,19,Female,Yes,No,Yes,4,4
Student STU0302,STU0302,stu0302@example.com,65.7,67.9,8,15,19,Female,No,No,No,4,4
Student STU0303,STU0303,stu0303@example.com,29.2,16.3,8,95,21,Male,Yes,No,Yes,3,0
Student STU0304,STU0304,stu0304@example.com,99.5,92.9,8,15,21,Male,No,No,Yes,5,4
Student STU0305,STU0305,stu0305@example.com,92.8,86.9,8,15,24,Male,No,No,Yes,5,4
Student STU0306,STU0306,stu0306@example.com,10.2,33.9,8,95,21,Female,No,Yes,Yes,5,4
Student STU0307,STU0307,stu0307@example.com,88.4,93.8,8,15,22,Female,No,Yes,Yes,6,5
Student STU0308,STU0308,stu0308@example.com,85.7,68.5,8,15,20,Male,Yes,No,Yes,6,5
Student STU0309,STU0309,stu0309@example.com,95.0,68.5,8,15,23,Male,No,Yes,Yes,6,5
Student STU0310,STU0310,stu0310@example.com,66.6,88.8,8,15,19,Male,No,No,Yes,7,6
Student STU0311,STU0311,stu0311@example.com,100.0,87.0,8,15,18,Male,Yes,No,Yes,6,6
Student STU0312,STU0312,stu0312@example.com,87.0,69.9,8,15,22,Male,No,No,Yes,5,4
Student STU0313,STU0313,stu0313@example.com,68.6,71.4,8,15,19,Female,No,Yes,Yes,4,3
Student STU0314,STU0314,stu0314@example.com,27.8,21.6,8,95,24,Female,No,No,No,6,5
Student STU0315,STU0315,stu0315@example.com,77.1,75.2,8,15,20,Female,No,No,Yes,5,4
Student STU0316,STU0316,stu0316@example.com,93.4,72.8,8,15,18,Male,No,No,Yes,6,5
Student STU0317,STU0317,stu0317@example.com,65.1,98.6,8,15,22,Female,No,No,Yes,7,6
Student STU0318,STU0318,stu0318@example.com,28.0,18.3,8,95,20,Male,No,Yes,No,5,4
Student STU0319,STU0319,stu0319@example.com,58.2,92.8,8,15,23,Female,No,No,Yes,4,3
Student STU0320,STU0320,stu0320@example.com,73.3,70.1,8,15,22,Male,No,No,Yes,4,4
Student STU0321,STU0321,stu0321@example.com,75.2,89.0,8,15,22,Female,Yes,Yes,Yes,6,5
Student STU0322,STU0322,stu0322@example.com,61.4,66.4,8,15,24,Female,No,No,Yes,5,5
Student STU0323,STU0323,stu0323@example.com,30.6,10.0,8,95,23,Female,No,Yes,No,6,0
Student STU0324,STU0324,stu0324@example.com,38.5,29.5,8,95,21,Female,No,Yes,No,3,2
Student STU0325,STU0325,stu0325@example.com,25.2,13.5,8,95,25,Male,No,Yes,No,5,0
Student STU0326,STU0326,stu0326@example.com,0.0,34.7,8,95,22,Female,Yes,Yes,Yes,6,0
Student STU0327,STU0327,stu0327@example.com,85.2,67.5,8,15,23,Female,No,No,Yes,6,6
Student STU0328,STU0328,stu0328@example.com,71.3,85.9,8,15,18,Female,No,No,Yes,4,4
Student STU0329,STU0329,stu0329@example.com,25.9,21.0,8,95,21,Male,No,No,No,5,3
Student STU0330,STU0330,stu0330@example.com,31.9,46.4,8,95,20,Male,No,Yes,Yes,4,1
Student STU0331,STU0331,stu0331@example.com,74.7,77.2,8,15,21,Female,No,No,Yes,4,4
Student STU0332,STU0332,stu0332@example.com,93.7,93.1,8,15,18,Male,Yes,No,Yes,4,4
Student STU0333,STU0333,stu0333@example.com,75.1,88.7,8,15,23,Female,No,Yes,Yes,5,4
Student STU0334,STU0334,stu0334@example.com,78.5,94.9,8,15,20,Female,Yes,Yes,No,5,4
Student STU0335,STU0335,stu0335@example.com,64.1,66.5,8,15,22,Female,No,No,Yes,4,4
Student STU0336,STU0336,stu0336@example.com,18.9,3.9,8,95,21,Female,Yes,No,No,6,5
Student STU0337,STU0337,stu0337@example.com,60.1,88.3,8,15,22,Male,No,Yes,Yes,6,5
Student STU0338,STU0338,stu0338@example.com,60.9,66.1,8,15,20,Female,Yes,Yes,Yes,4,3
Student STU0339,STU0339,stu0339@example.com,93.7,92.9,8,15,23,Female,No,No,Yes,6,6
Student STU0340,STU0340,stu0340@example.com,5.6,31.1,8,95,21,Male,Yes,No,Yes,5,1
Student STU0341,STU0341,stu0341@example.com,92.8,73.1,8,15,18,Male,No,No,Yes,7,6
Student STU0342,STU0342,stu0342@example.com,15.8,28.8,8,95,25,Male,Yes,Yes,Yes,5,1
Student STU0343,STU0343,stu0343@example.com,40.4,37.9,8,95,23,Male,Yes,Yes,Yes,4,0
Student STU0344,STU0344,stu0344@example.com,72.1,92.0,8,15,25,Female,No,No,Yes,5,4
Student STU0345,STU0345,stu0345@example.com,83.2,74.4,8,15,24,Male,Yes,Yes,Yes,5,4
Student STU0346,STU0346,stu0346@example.com,85.5,72.9,8,15,20,Male,No,No,Yes,7,7
Student STU0347,STU0347,stu0347@example.com,84.9,85.0,8,15,25,Female,No,No,Yes,4,3
Student STU0348,STU0348,stu0348@example.com,81.2,68.3,8,15,18,Male,No,No,Yes,7,6
Student STU0349,STU0349,stu0349@example.com,97.3,68.6,8,15,23,Female,Yes,No,No,7,6
Student STU0350,STU0350,stu0350@example.com,37.3,8.2,8,95,22,Male,No,No,Yes,3,1
Student STU0351,STU0351,stu0351@example.com,79.4,89.7,8,15,22,Female,Yes,Yes,Yes,5,5
Student STU0352,STU0352,stu0352@example.com,81.0,91.8,8,15,22,Female,No,No,Yes,5,4
Student STU0353,STU0353,stu0353@example.com,92.6,74.4,8,15,24,Male,Yes,No,Yes,5,5
Student STU0354,STU0354,stu0354@example.com,53.4,41.4,8,95,24,Female,No,No,No,4,2
Student STU0355,STU0355,stu0355@example.com,96.5,72.3,8,15,18,Male,Yes,No,Yes,4,3
Student STU0356,STU0356,stu0356@example.com,54.4,73.9,8,15,24,Male,No,No,No,4,3
Student STU0357,STU0357,stu0357@example.com,65.6,89.0,8,15,20,Female,No,No,Yes,4,4
Student STU0358,STU0358,stu0358@example.com,20.9,13.1,8,95,25,Female,No,Yes,No,5,0
Student STU0359,STU0359,stu0359@example.com,6.5,21.4,8,95,23,Male,No,Yes,No,5,1
Student STU0360,STU0360,stu0360@example.com,68.4,72.4,8,15,19,Male,No,No,Yes,6,6
Student STU0361,STU0361,stu0361@example.com,36.8,4.5,8,95,25,Male,Yes,Yes,No,6,2
Student STU0362,STU0362,stu0362@example.com,93.8,76.4,8,15,25,Male,Yes,No,Yes,7,7
Student STU0363,STU0363,stu0363@example.com,91.3,74.7,8,15,20,Male,No,No,Yes,5,4
Student STU0364,STU0364,stu0364@example.com,30.6,19.7,8,95,23,Male,No,Yes,No,5,0
Student STU0365,STU0365,stu0365@example.com,16.3,39.7,8,95,19,Female,Yes,Yes,No,5,3
Student STU0366,STU0366,stu0366@example.com,83.8,78.5,8,15,22,Female,No,No,Yes,4,3
Student STU0367,STU0367,stu0367@example.com,93.8,82.0,8,15,19,Female,No,No,Yes,4,4
Student STU0368,STU0368,stu0368@example.com,20.4,16.3,8,95,24,Female,No,No,No,6,1
Student STU0369,STU0369,stu0369@example.com,61.1,75.9,8,15,23,Male,No,No,Yes,4,4
Student STU0370,STU0370,stu0370@example.com,12.9,22.1,8,95,25,Male,Yes,No,Yes,5,2
Student STU0371,STU0371,stu0371@example.com,5.9,8.6,8,95,19,Male,No,No,No,5,3
Student STU0372,STU0372,stu0372@example.com,72.2,81.4,8,15,23,Female,Yes,No,Yes,4,4
Student STU0373,STU0373,stu0373@example.com,92.7,89.6,8,15,24,Male,Yes,No,No,5,4
Student STU0374,STU0374,stu0374@example.com,86.2,66.8,8,15,25,Male,Yes,No,Yes,7,6
Student STU0375,STU0375,stu0375@example.com,29.0,10.2,8,95,22,Female,Yes,Yes,Yes,6,0
Student STU0376,STU0376,stu0376@example.com,11.6,8.5,8,95,18,Female,No,Yes,No,6,3
Student STU0377,STU0377,stu0377@example.com,22.9,37.7,8,95,18,Female,Yes,Yes,Yes,3,1
Student STU0378,STU0378,stu0378@example.com,82.4,57.9,8,15,24,Male,No,Yes,Yes,6,6
Student STU0379,STU0379,stu0379@example.com,96.4,85.9,8,15,20,Male,No,Yes,Yes,4,3
Student STU0380,STU0380,stu0380@example.com,89.1,63.4,8,15,24,Male,Yes,Yes,Yes,4,3
Student STU0381,STU0381,stu0381@example.com,37.0,6.2,8,95,21,Male,No,Yes,Yes,4,0
Student STU0382,STU0382,stu0382@example.com,71.5,88.9,8,15,22,Male,No,No,Yes,4,4
Student STU0383,STU0383,stu0383@example.com,51.0,80.1,8,15,23,Female,Yes,No,Yes,6,5
Student STU0384,STU0384,stu0384@example.com,70.0,75.2,8,15,21,Male,No,No,Yes,7,7
Student STU0385,STU0385,stu0385@example.com,76.5,89.1,8,15,21,Male,Yes,No,Yes,4,3
Student STU0386,STU0386,stu0386@example.com,23.7,30.7,8,95,20,Male,No,Yes,No,5,4
Student STU0387,STU0387,stu0387@example.com,62.5,98.6,8,15,19,Female,Yes,No,Yes,5,5
Student STU0388,STU0388,stu0388@example.com,70.5,76.5,8,15,23,Female,Yes,No,Yes,7,7
Student STU0389,STU0389,stu0389@example.com,98.9,73.4,8,15,20,Male,Yes,No,Yes,7,6
Student STU0390,STU0390,stu0390@example.com,77.0,76.9,8,15,18,Female,Yes,No,Yes,6,5
Student STU0391,STU0391,stu0391@example.com,78.5,78.6,8,15,25,Female,No,Yes,Yes,6,5
Student STU0392,STU0392,stu0392@example.com,38.1,2.8,8,95,18,Male,Yes,No,Yes,6,0
Student STU0393,STU0393,stu0393@example.com,12.9,42.6,8,95,20,Male,Yes,Yes,Yes,3,2
Student STU0394,STU0394,stu0394@example.com,75.8,72.8,8,15,18,Female,No,No,Yes,6,5
Student STU0395,STU0395,stu0395@example.com,95.4,91.0,8,15,22,Female,No,No,Yes,4,3
Student STU0396,STU0396,stu0396@example.com,92.3,98.5,8,15,22,Male,Yes,No,Yes,6,5
Student STU0397,STU0397,stu0397@example.com,32.0,17.5,8,95,24,Female,No,Yes,Yes,4,2
Student STU0398,STU0398,stu0398@example.com,60.0,72.8,8,15,22,Male,No,No,Yes,5,4
Student STU0399,STU0399,stu0399@example.com,29.8,13.2,8,95,25,Male,No,Yes,No,3,1
Student STU0400,STU0400,stu0400@example.com,11.9,8.9,8,95,19,Female,No,No,No,3,2
Student STU0401,STU0401,stu0401@example.com,30.1,0.0,8,95,24,Male,No,Yes,No,3,0
Student STU0402,STU0402,stu0402@example.com,73.9,80.1,8,15,23,Male,No,No,No,5,5
Student STU0403,STU0403,stu0403@example.com,1.9,35.3,8,95,25,Male,Yes,Yes,No,6,3
Student STU0404,STU0404,stu0404@example.com,34.6,7.3,8,95,23,Female,No,No,Yes,3,0
Student STU0405,STU0405,stu0405@example.com,66.6,82.3,8,15,24,Male,Yes,Yes,Yes,4,3
Student STU0406,STU0406,stu0406@example.com,63.9,93.4,8,15,23,Male,No,No,No,4,3
Student STU0407,STU0407,stu0407@example.com,70.1,86.1,8,15,20,Female,No,No,Yes,7,6
Student STU0408,STU0408,stu0408@example.com,40.9,40.6,8,95,25,Male,No,Yes,No,5,3
Student STU0409,STU0409,stu0409@example.com,86.7,86.2,8,15,21,Male,No,No,Yes,4,4
Student STU0410,STU0410,stu0410@example.com,84.5,73.5,8,15,19,Male,No,No,Yes,4,4
Student STU0411,STU0411,stu0411@example.com,94.2,84.4,8,15,18,Male,Yes,No,Yes,7,7
Student STU0412,STU0412,stu0412@example.com,58.7,73.0,8,15,22,Male,Yes,No,Yes,5,4
Student STU0413,STU0413,stu0413@example.com,30.9,30.8,8,95,19,Female,Yes,Yes,No,4,3
Student STU0414,STU0414,stu0414@example.com,75.2,72.4,8,15,22,Male,Yes,No,Yes,4,4
Student STU0415,STU0415,stu0415@example.com,45.4,18.8,8,95,19,Male,No,No,Yes,4,3
Student STU0416,STU0416,stu0416@example.com,86.1,80.4,8,15,23,Male,No,No,Yes,7,7
Student STU0417,STU0417,stu0417@example.com,10.7,38.6,8,95,25,Female,No,No,No,3,1
Student STU0418,STU0418,stu0418@example.com,100.0,64.0,8,15,19,Female,No,No,Yes,7,7
Student STU0419,STU0419,stu0419@example.com,93.2,71.8,8,15,20,Female,No,Yes,Yes,7,6
Student STU0420,STU0420,stu0420@example.com,71.1,95.2,8,15,23,Male,Yes,No,Yes,5,5
Student STU0421,STU0421,stu0421@example.com,28.2,8.1,8,95,21,Female,No,Yes,No,3,2
Student STU0422,STU0422,stu0422@example.com,20.6,5.7,8,95,25,Male,No,Yes,Yes,4,2
Student STU0423,STU0423,stu0423@example.com,0.0,40.6,8,95,18,Female,Yes,Yes,No,3,2
Student STU0424,STU0424,stu0424@example.com,52.2,31.4,8,95,20,Male,No,Yes,No,3,0
Student STU0425,STU0425,stu0425@example.com,85.3,85.8,8,15,21,Male,Yes,No,Yes,7,6
Student STU0426,STU0426,stu0426@example.com,95.7,65.0,8,15,21,Female,Yes,No,No,5,4
Student STU0427,STU0427,stu0427@example.com,67.6,76.3,8,15,22,Male,No,No,Yes,6,6
Student STU0428,STU0428,stu0428@example.com,85.5,74.7,8,15,20,Male,No,No,Yes,4,3
Student STU0429,STU0429,stu0429@example.com,81.7,60.3,8,15,22,Female,No,No,Yes,7,7
Student STU0430,STU0430,stu0430@example.com,36.7,4.5,8,95,24,Male,No,No,No,5,2
Student STU0431,STU0431,stu0431@example.com,68.4,86.8,8,15,19,Male,No,No,Yes,5,5
Student STU0432,STU0432,stu0432@example.com,75.2,67.5,8,15,22,Male,Yes,No,Yes,6,6
Student STU0433,STU0433,stu0433@example.com,15.6,16.0,8,95,23,Female,Yes,Yes,No,6,5
Student STU0434,STU0434,stu0434@example.com,56.2,97.2,8,15,20,Female,Yes,Yes,No,7,7
Student STU0435,STU0435,stu0435@example.com,56.3,97.0,8,15,22,Female,No,No,Yes,6,5
Student STU0436,STU0436,stu0436@example.com,69.7,79.3,8,15,18,Male,Yes,No,Yes,6,6
Student STU0437,STU0437,stu0437@example.com,33.6,25.2,8,95,21,Female,Yes,No,No,5,2
Student STU0438,STU0438,stu0438@example.com,95.8,94.6,8,15,20,Male,No,No,Yes,6,6
Student STU0439,STU0439,stu0439@example.com,24.2,2.7,8,95,24,Male,No,No,No,6,5
Student STU0440,STU0440,stu0440@example.com,2.1,20.8,8,95,19,Male,Yes,Yes,No,5,2
Student STU0441,STU0441,stu0441@example.com,25.1,15.8,8,95,21,Male,Yes,Yes,Yes,4,3
Student STU0442,STU0442,stu0442@example.com,20.5,17.1,8,95,22,Female,No,No,Yes,5,4
Student STU0443,STU0443,stu0443@example.com,63.1,90.1,8,15,24,Male,No,No,Yes,4,3
Student STU0444,STU0444,stu0444@example.com,76.4,83.4,8,15,19,Female,No,No,Yes,4,4
Student STU0445,STU0445,stu0445@example.com,88.2,92.7,8,15,24,Female,Yes,Yes,Yes,5,4
Student STU0446,STU0446,stu0446@example.com,23.3,12.8,8,95,23,Female,No,No,Yes,4,3
Student STU0447,STU0447,stu0447@example.com,25.3,1.1,8,95,18,Male,Yes,No,Yes,5,3
Student STU0448,STU0448,stu0448@example.com,32.2,39.7,8,95,22,Female,No,No,No,4,0
Student STU0449,STU0449,stu0449@example.com,81.9,69.4,8,15,21,Male,Yes,No,Yes,5,4
Student STU0450,STU0450,stu0450@example.com,40.9,15.8,8,95,20,Female,No,Yes,No,6,0
Student STU0451,STU0451,stu0451@example.com,71.0,84.7,8,15,25,Female,Yes,No,Yes,5,5
Student STU0452,STU0452,stu0452@example.com,15.0,22.5,8,95,19,Male,No,Yes,No,3,1
Student STU0453,STU0453,stu0453@example.com,62.1,91.2,8,15,22,Female,Yes,No,Yes,4,3
Student STU0454,STU0454,stu0454@example.com,99.2,90.5,8,15,21,Male,No,No,Yes,4,4
Student STU0455,STU0455,stu0455@example.com,0.9,36.6,8,95,19,Male,No,No,No,6,2
Student STU0456,STU0456,stu0456@example.com,87.0,74.5,8,15,23,Female,No,No,Yes,4,4
Student STU0457,STU0457,stu0457@example.com,75.3,78.3,8,15,21,Male,Yes,No,Yes,6,5
Student STU0458,STU0458,stu0458@example.com,98.7,98.6,8,15,21,Male,Yes,No,Yes,5,4
Student STU0459,STU0459,stu0459@example.com,61.0,78.6,8,15,24,Female,Yes,No,Yes,6,6
Student STU0460,STU0460,stu0460@example.com,10.0,37.4,8,95,18,Male,No,Yes,No,5,3
Student STU0461,STU0461,stu0461@example.com,11.6,27.3,8,95,18,Male,No,No,No,3,0
Student STU0462,STU0462,stu0462@example.com,92.1,60.6,8,15,19,Female,No,No,Yes,5,5
Student STU0463,STU0463,stu0463@example.com,35.4,11.0,8,95,25,Female,No,No,Yes,6,3
Student STU0464,STU0464,stu0464@example.com,80.7,80.3,8,15,22,Female,Yes,No,Yes,6,6
Student STU0465,STU0465,stu0465@example.com,33.9,43.7,8,95,20,Male,No,No,No,4,1
Student STU0466,STU0466,stu0466@example.com,78.4,89.4,8,15,22,Female,No,No,Yes,7,7
Student STU0467,STU0467,stu0467@example.com,38.4,27.4,8,95,24,Male,Yes,No,Yes,5,4
Student STU0468,STU0468,stu0468@example.com,29.8,9.3,8,95,19,Male,Yes,Yes,Yes,3,0
Student STU0469,STU0469,stu0469@example.com,67.1,97.6,8,15,19,Male,No,No,Yes,6,6
Student STU0470,STU0470,stu0470@example.com,88.4,81.5,8,15,22,Female,Yes,Yes,Yes,4,3
Student STU0471,STU0471,stu0471@example.com,95.9,74.6,8,15,22,Male,No,No,Yes,5,5
Student STU0472,STU0472,stu0472@example.com,99.2,84.2,8,15,23,Female,No,No,Yes,7,7
Student STU0473,STU0473,stu0473@example.com,10.7,18.4,8,95,24,Female,No,Yes,No,5,4
Student STU0474,STU0474,stu0474@example.com,13.0,19.9,8,95,25,Female,No,Yes,Yes,4,0
Student STU0475,STU0475,stu0475@example.com,96.5,93.6,8,15,22,Male,No,No,Yes,5,4
Student STU0476,STU0476,stu0476@example.com,36.2,5.7,8,95,19,Female,Yes,Yes,No,6,1
Student STU0477,STU0477,stu0477@example.com,72.9,81.0,8,15,20,Male,No,No,Yes,6,6
Student STU0478,STU0478,stu0478@example.com,81.7,96.4,8,15,25,Male,No,No,Yes,6,6
Student STU0479,STU0479,stu0479@example.com,40.1,35.0,8,95,21,Female,No,Yes,Yes,6,3
Student STU0480,STU0480,stu0480@example.com,17.5,19.5,8,95,25,Male,No,No,Yes,6,5
Student STU0481,STU0481,stu0481@example.com,94.7,84.5,8,15,25,Female,No,Yes,Yes,4,3
Student STU0482,STU0482,stu0482@example.com,88.6,75.6,8,15,20,Male,Yes,No,Yes,5,5
Student STU0483,STU0483,stu0483@example.com,67.7,75.2,8,15,22,Female,No,No,Yes,5,5
Student STU0484,STU0484,stu0484@example.com,87.7,84.5,8,15,20,Female,Yes,No,No,6,6
Student STU0485,STU0485,stu0485@example.com,78.7,97.1,8,15,24,Male,No,No,Yes,7,6
Student STU0486,STU0486,stu0486@example.com,75.8,68.4,8,15,18,Female,No,No,No,7,6
Student STU0487,STU0487,stu0487@example.com,16.8,22.8,8,95,18,Female,No,No,No,4,1
Student STU0488,STU0488,stu0488@example.com,86.6,93.1,8,15,22,Female,Yes,No,Yes,7,7
Student STU0489,STU0489,stu0489@example.com,99.6,75.3,8,15,19,Male,No,No,Yes,7,6
Student STU0490,STU0490,stu0490@example.com,10.1,23.3,8,95,21,Male,Yes,Yes,No,6,1
Student STU0491,STU0491,stu0491@example.com,73.1,87.6,8,15,21,Male,Yes,Yes,Yes,5,5
Student STU0492,STU0492,stu0492@example.com,61.2,82.9,8,15,25,Male,Yes,No,Yes,7,6
Student STU0493,STU0493,stu0493@example.com,6.4,32.6,8,95,25,Male,No,No,No,4,2
Student STU0494,STU0494,stu0494@example.com,75.6,83.6,8,15,25,Male,No,No,Yes,4,4
Student STU0495,STU0495,stu0495@example.com,39.2,1.6,8,95,18,Male,No,Yes,Yes,3,2
Student STU0496,STU0496,stu0496@example.com,78.2,75.1,8,15,21,Male,Yes,No,No,4,3
Student STU0497,STU0497,stu0497@example.com,85.4,74.2,8,15,19,Female,Yes,No,Yes,5,5
Student STU0498,STU0498,stu0498@example.com,9.8,0.0,8,95,18,Female,No,No,No,3,2
Student STU0499,STU0499,stu0499@example.com,92.6,74.0,8,15,24,Male,No,No,Yes,5,5
Student STU0500,STU0500,stu0500@example.com,82.6,79.6,8,15,18,Female,No,Yes,Yes,4,4
